Agent,Time,Method,Resource,Version,Status
Agent,Time,Method,Resource,Version,Status
node-superagent/2.3.0,2018-01-30T18:56:09.623Z,GET,/,HTTP/1.1,200
node-superagent/2.3.0,2018-01-30T18:56:09.636Z,GET,/,HTTP/1.1,200
node-superagent/2.3.0,2018-01-30T18:56:09.640Z,GET,/,HTTP/1.1,200
node-superagent/2.3.0,2018-01-30T18:56:09.644Z,GET,/,HTTP/1.1,200
node-superagent/2.3.0,2018-01-30T18:56:09.646Z,GET,/,HTTP/1.1,200
node-superagent/2.3.0,2018-01-30T18:56:09.648Z,GET,/,HTTP/1.1,200
node-superagent/2.3.0,2018-01-30T18:56:09.650Z,GET,/,HTTP/1.1,200
node-superagent/2.3.0,2018-01-30T18:56:09.653Z,GET,/,HTTP/1.1,200
node-superagent/2.3.0,2018-01-30T18:56:09.654Z,GET,/logs,HTTP/1.1,200
node-superagent/2.3.0,2018-01-30T18:56:09.657Z,GET,/logs,HTTP/1.1,200
Agent,Time,Method,Resource,Version,Status
Agent,Time,Method,Resource,Version,Status
node-superagent/2.3.0,2018-01-30T18:57:24.832Z,GET,/,HTTP/1.1,200
node-superagent/2.3.0,2018-01-30T18:57:24.850Z,GET,/,HTTP/1.1,200
node-superagent/2.3.0,2018-01-30T18:57:24.853Z,GET,/,HTTP/1.1,200
node-superagent/2.3.0,2018-01-30T18:57:24.858Z,GET,/,HTTP/1.1,200
node-superagent/2.3.0,2018-01-30T18:57:24.860Z,GET,/,HTTP/1.1,200
node-superagent/2.3.0,2018-01-30T18:57:24.862Z,GET,/,HTTP/1.1,200
node-superagent/2.3.0,2018-01-30T18:57:24.863Z,GET,/,HTTP/1.1,200
node-superagent/2.3.0,2018-01-30T18:57:24.866Z,GET,/,HTTP/1.1,200
node-superagent/2.3.0,2018-01-30T18:57:24.868Z,GET,/logs,HTTP/1.1,200
node-superagent/2.3.0,2018-01-30T18:57:24.871Z,GET,/logs,HTTP/1.1,200
Agent,Time,Method,Resource,Version,Status
Agent,Time,Method,Resource,Version,Status
node-superagent/2.3.0,2018-01-30T18:58:58.512Z,GET,/,HTTP/1.1,200
node-superagent/2.3.0,2018-01-30T18:58:58.525Z,GET,/,HTTP/1.1,200
node-superagent/2.3.0,2018-01-30T18:58:58.529Z,GET,/,HTTP/1.1,200
node-superagent/2.3.0,2018-01-30T18:58:58.534Z,GET,/,HTTP/1.1,200
node-superagent/2.3.0,2018-01-30T18:58:58.536Z,GET,/,HTTP/1.1,200
node-superagent/2.3.0,2018-01-30T18:58:58.538Z,GET,/,HTTP/1.1,200
node-superagent/2.3.0,2018-01-30T18:58:58.539Z,GET,/,HTTP/1.1,200
node-superagent/2.3.0,2018-01-30T18:58:58.542Z,GET,/,HTTP/1.1,200
node-superagent/2.3.0,2018-01-30T18:58:58.544Z,GET,/logs,HTTP/1.1,200
node-superagent/2.3.0,2018-01-30T18:58:58.546Z,GET,/logs,HTTP/1.1,200
Agent,Time,Method,Resource,Version,Status
Agent,Time,Method,Resource,Version,Status
node-superagent/2.3.0,2018-01-30T19:04:57.655Z,GET,/,HTTP/1.1,200
node-superagent/2.3.0,2018-01-30T19:04:57.669Z,GET,/,HTTP/1.1,200
node-superagent/2.3.0,2018-01-30T19:04:57.673Z,GET,/,HTTP/1.1,200
node-superagent/2.3.0,2018-01-30T19:04:57.678Z,GET,/,HTTP/1.1,200
node-superagent/2.3.0,2018-01-30T19:04:57.680Z,GET,/,HTTP/1.1,200
node-superagent/2.3.0,2018-01-30T19:04:57.682Z,GET,/,HTTP/1.1,200
node-superagent/2.3.0,2018-01-30T19:04:57.684Z,GET,/,HTTP/1.1,200
node-superagent/2.3.0,2018-01-30T19:04:57.686Z,GET,/,HTTP/1.1,200
node-superagent/2.3.0,2018-01-30T19:04:57.689Z,GET,/logs,HTTP/1.1,200
node-superagent/2.3.0,2018-01-30T19:04:57.692Z,GET,/logs,HTTP/1.1,200
Mozilla/5.0 (Macintosh; Intel Mac OS X 10_13_2) AppleWebKit/537.36 (KHTML like Gecko) Chrome/63.0.3239.132 Safari/537.36,2018-01-30T19:05:23.895Z,GET,/,HTTP/1.1,200
Agent,Time,Method,Resource,Version,Status
Agent,Time,Method,Resource,Version,Status
node-superagent/2.3.0,2018-01-30T19:26:52.489Z,GET,/,HTTP/1.1,200
node-superagent/2.3.0,2018-01-30T19:26:52.503Z,GET,/,HTTP/1.1,200
node-superagent/2.3.0,2018-01-30T19:26:52.506Z,GET,/,HTTP/1.1,200
node-superagent/2.3.0,2018-01-30T19:26:52.512Z,GET,/,HTTP/1.1,200
node-superagent/2.3.0,2018-01-30T19:26:52.516Z,GET,/,HTTP/1.1,200
node-superagent/2.3.0,2018-01-30T19:26:52.519Z,GET,/,HTTP/1.1,200
node-superagent/2.3.0,2018-01-30T19:26:52.521Z,GET,/,HTTP/1.1,200
node-superagent/2.3.0,2018-01-30T19:26:52.523Z,GET,/,HTTP/1.1,200
node-superagent/2.3.0,2018-01-30T19:26:52.525Z,GET,/logs,HTTP/1.1,200
node-superagent/2.3.0,2018-01-30T19:26:52.530Z,GET,/logs,HTTP/1.1,200
Mozilla/5.0 (Macintosh; Intel Mac OS X 10_13_2) AppleWebKit/537.36 (KHTML like Gecko) Chrome/63.0.3239.132 Safari/537.36,2018-01-30T19:27:08.271Z,GET,/logs,HTTP/1.1,200
Agent,Time,Method,Resource,Version,Status
Mozilla/5.0 (Macintosh; Intel Mac OS X 10_13_2) AppleWebKit/537.36 (KHTML like Gecko) Chrome/63.0.3239.132 Safari/537.36,2018-01-30T19:27:58.158Z,GET,/logs,HTTP/1.1,200
Mozilla/5.0 (Macintosh; Intel Mac OS X 10_13_2) AppleWebKit/537.36 (KHTML like Gecko) Chrome/63.0.3239.132 Safari/537.36,2018-01-30T19:28:01.665Z,GET,/log,HTTP/1.1,200
Mozilla/5.0 (Macintosh; Intel Mac OS X 10_13_2) AppleWebKit/537.36 (KHTML like Gecko) Chrome/63.0.3239.132 Safari/537.36,2018-01-30T19:28:04.545Z,GET,/logs,HTTP/1.1,200
Agent,Time,Method,Resource,Version,Status
Mozilla/5.0 (Macintosh; Intel Mac OS X 10_13_2) AppleWebKit/537.36 (KHTML like Gecko) Chrome/63.0.3239.132 Safari/537.36,2018-01-30T19:29:49.187Z,GET,/logs,HTTP/1.1,200
Mozilla/5.0 (Macintosh; Intel Mac OS X 10_13_2) AppleWebKit/537.36 (KHTML like Gecko) Chrome/63.0.3239.132 Safari/537.36,2018-01-30T19:29:50.682Z,GET,/logs,HTTP/1.1,200
Agent,Time,Method,Resource,Version,Status
Mozilla/5.0 (Macintosh; Intel Mac OS X 10_13_2) AppleWebKit/537.36 (KHTML like Gecko) Chrome/63.0.3239.132 Safari/537.36,2018-01-30T19:30:43.012Z,GET,/logs,HTTP/1.1,200
Agent,Time,Method,Resource,Version,Status
Mozilla/5.0 (Macintosh; Intel Mac OS X 10_13_2) AppleWebKit/537.36 (KHTML like Gecko) Chrome/63.0.3239.132 Safari/537.36,2018-01-30T19:31:22.989Z,GET,/logs,HTTP/1.1,200
Agent,Time,Method,Resource,Version,Status
Mozilla/5.0 (Macintosh; Intel Mac OS X 10_13_2) AppleWebKit/537.36 (KHTML like Gecko) Chrome/63.0.3239.132 Safari/537.36,2018-01-30T19:38:22.166Z,GET,/logs,HTTP/1.1,200
Agent,Time,Method,Resource,Version,Status
node-superagent/2.3.0,2018-01-30T19:38:31.280Z,GET,/,HTTP/1.1,200
node-superagent/2.3.0,2018-01-30T19:38:31.295Z,GET,/,HTTP/1.1,200
node-superagent/2.3.0,2018-01-30T19:38:31.299Z,GET,/,HTTP/1.1,200
node-superagent/2.3.0,2018-01-30T19:38:31.304Z,GET,/,HTTP/1.1,200
node-superagent/2.3.0,2018-01-30T19:38:31.307Z,GET,/,HTTP/1.1,200
node-superagent/2.3.0,2018-01-30T19:38:31.309Z,GET,/,HTTP/1.1,200
node-superagent/2.3.0,2018-01-30T19:38:31.310Z,GET,/,HTTP/1.1,200
node-superagent/2.3.0,2018-01-30T19:38:31.313Z,GET,/,HTTP/1.1,200
node-superagent/2.3.0,2018-01-30T19:38:31.315Z,GET,/logs,HTTP/1.1,200
node-superagent/2.3.0,2018-01-30T19:38:31.322Z,GET,/logs,HTTP/1.1,200
Agent,Time,Method,Resource,Version,Status
node-superagent/2.3.0,2018-01-30T19:40:19.950Z,GET,/,HTTP/1.1,200
node-superagent/2.3.0,2018-01-30T19:40:19.963Z,GET,/,HTTP/1.1,200
node-superagent/2.3.0,2018-01-30T19:40:19.967Z,GET,/,HTTP/1.1,200
node-superagent/2.3.0,2018-01-30T19:40:19.972Z,GET,/,HTTP/1.1,200
node-superagent/2.3.0,2018-01-30T19:40:19.974Z,GET,/,HTTP/1.1,200
node-superagent/2.3.0,2018-01-30T19:40:19.976Z,GET,/,HTTP/1.1,200
node-superagent/2.3.0,2018-01-30T19:40:19.978Z,GET,/,HTTP/1.1,200
node-superagent/2.3.0,2018-01-30T19:40:19.980Z,GET,/,HTTP/1.1,200
node-superagent/2.3.0,2018-01-30T19:40:19.983Z,GET,/logs,HTTP/1.1,200
node-superagent/2.3.0,2018-01-30T19:40:19.990Z,GET,/logs,HTTP/1.1,200
Agent,Time,Method,Resource,Version,Status
node-superagent/2.3.0,2018-01-30T19:40:41.982Z,GET,/,HTTP/1.1,200
node-superagent/2.3.0,2018-01-30T19:40:41.996Z,GET,/,HTTP/1.1,200
node-superagent/2.3.0,2018-01-30T19:40:42.000Z,GET,/,HTTP/1.1,200
node-superagent/2.3.0,2018-01-30T19:40:42.006Z,GET,/,HTTP/1.1,200
node-superagent/2.3.0,2018-01-30T19:40:42.009Z,GET,/,HTTP/1.1,200
node-superagent/2.3.0,2018-01-30T19:40:42.011Z,GET,/,HTTP/1.1,200
node-superagent/2.3.0,2018-01-30T19:40:42.013Z,GET,/,HTTP/1.1,200
node-superagent/2.3.0,2018-01-30T19:40:42.016Z,GET,/,HTTP/1.1,200
node-superagent/2.3.0,2018-01-30T19:40:42.018Z,GET,/logs,HTTP/1.1,200
node-superagent/2.3.0,2018-01-30T19:40:42.025Z,GET,/logs,HTTP/1.1,200
Agent,Time,Method,Resource,Version,Status
Agent,Time,Method,Resource,Version,Status
node-superagent/2.3.0,2018-01-30T19:41:04.674Z,GET,/,HTTP/1.1,200
node-superagent/2.3.0,2018-01-30T19:41:04.687Z,GET,/,HTTP/1.1,200
node-superagent/2.3.0,2018-01-30T19:41:04.691Z,GET,/,HTTP/1.1,200
node-superagent/2.3.0,2018-01-30T19:41:04.698Z,GET,/,HTTP/1.1,200
node-superagent/2.3.0,2018-01-30T19:41:04.700Z,GET,/,HTTP/1.1,200
node-superagent/2.3.0,2018-01-30T19:41:04.702Z,GET,/,HTTP/1.1,200
node-superagent/2.3.0,2018-01-30T19:41:04.704Z,GET,/,HTTP/1.1,200
node-superagent/2.3.0,2018-01-30T19:41:04.706Z,GET,/,HTTP/1.1,200
node-superagent/2.3.0,2018-01-30T19:41:04.709Z,GET,/logs,HTTP/1.1,200
node-superagent/2.3.0,2018-01-30T19:41:04.717Z,GET,/logs,HTTP/1.1,200
Agent,Time,Method,Resource,Version,Status
node-superagent/2.3.0,2018-01-30T19:41:09.702Z,GET,/,HTTP/1.1,200
node-superagent/2.3.0,2018-01-30T19:41:09.716Z,GET,/,HTTP/1.1,200
node-superagent/2.3.0,2018-01-30T19:41:09.720Z,GET,/,HTTP/1.1,200
node-superagent/2.3.0,2018-01-30T19:41:09.725Z,GET,/,HTTP/1.1,200
node-superagent/2.3.0,2018-01-30T19:41:09.728Z,GET,/,HTTP/1.1,200
node-superagent/2.3.0,2018-01-30T19:41:09.731Z,GET,/,HTTP/1.1,200
node-superagent/2.3.0,2018-01-30T19:41:09.733Z,GET,/,HTTP/1.1,200
node-superagent/2.3.0,2018-01-30T19:41:09.736Z,GET,/,HTTP/1.1,200
node-superagent/2.3.0,2018-01-30T19:41:09.739Z,GET,/logs,HTTP/1.1,200
node-superagent/2.3.0,2018-01-30T19:41:09.745Z,GET,/logs,HTTP/1.1,200
Agent,Time,Method,Resource,Version,Status
node-superagent/2.3.0,2018-01-30T19:41:45.390Z,GET,/,HTTP/1.1,200
node-superagent/2.3.0,2018-01-30T19:41:45.404Z,GET,/,HTTP/1.1,200
node-superagent/2.3.0,2018-01-30T19:41:45.409Z,GET,/,HTTP/1.1,200
node-superagent/2.3.0,2018-01-30T19:41:45.415Z,GET,/,HTTP/1.1,200
node-superagent/2.3.0,2018-01-30T19:41:45.417Z,GET,/,HTTP/1.1,200
node-superagent/2.3.0,2018-01-30T19:41:45.420Z,GET,/,HTTP/1.1,200
node-superagent/2.3.0,2018-01-30T19:41:45.422Z,GET,/,HTTP/1.1,200
node-superagent/2.3.0,2018-01-30T19:41:45.424Z,GET,/,HTTP/1.1,200
node-superagent/2.3.0,2018-01-30T19:41:45.427Z,GET,/logs,HTTP/1.1,200
node-superagent/2.3.0,2018-01-30T19:41:45.433Z,GET,/logs,HTTP/1.1,200
Agent,Time,Method,Resource,Version,Status
node-superagent/2.3.0,2018-01-30T19:42:44.843Z,GET,/,HTTP/1.1,200
node-superagent/2.3.0,2018-01-30T19:42:44.857Z,GET,/,HTTP/1.1,200
node-superagent/2.3.0,2018-01-30T19:42:44.862Z,GET,/,HTTP/1.1,200
node-superagent/2.3.0,2018-01-30T19:42:44.867Z,GET,/,HTTP/1.1,200
node-superagent/2.3.0,2018-01-30T19:42:44.869Z,GET,/,HTTP/1.1,200
node-superagent/2.3.0,2018-01-30T19:42:44.872Z,GET,/,HTTP/1.1,200
node-superagent/2.3.0,2018-01-30T19:42:44.874Z,GET,/,HTTP/1.1,200
node-superagent/2.3.0,2018-01-30T19:42:44.876Z,GET,/,HTTP/1.1,200
node-superagent/2.3.0,2018-01-30T19:42:44.879Z,GET,/logs,HTTP/1.1,200
node-superagent/2.3.0,2018-01-30T19:42:44.886Z,GET,/logs,HTTP/1.1,200
Agent,Time,Method,Resource,Version,Status
Agent,Time,Method,Resource,Version,Status
node-superagent/2.3.0,2018-01-30T20:44:03.037Z,GET,/,HTTP/1.1,200
node-superagent/2.3.0,2018-01-30T20:44:03.051Z,GET,/,HTTP/1.1,200
node-superagent/2.3.0,2018-01-30T20:44:03.055Z,GET,/,HTTP/1.1,200
node-superagent/2.3.0,2018-01-30T20:44:03.060Z,GET,/,HTTP/1.1,200
node-superagent/2.3.0,2018-01-30T20:44:03.062Z,GET,/,HTTP/1.1,200
node-superagent/2.3.0,2018-01-30T20:44:03.064Z,GET,/,HTTP/1.1,200
node-superagent/2.3.0,2018-01-30T20:44:03.066Z,GET,/,HTTP/1.1,200
node-superagent/2.3.0,2018-01-30T20:44:03.068Z,GET,/,HTTP/1.1,200
node-superagent/2.3.0,2018-01-30T20:44:03.071Z,GET,/logs,HTTP/1.1,200
node-superagent/2.3.0,2018-01-30T20:44:03.078Z,GET,/logs,HTTP/1.1,200
Agent,Time,Method,Resource,Version,Status
node-superagent/2.3.0,2018-01-30T20:45:34.466Z,GET,/,HTTP/1.1,200
node-superagent/2.3.0,2018-01-30T20:45:34.479Z,GET,/,HTTP/1.1,200
node-superagent/2.3.0,2018-01-30T20:45:34.483Z,GET,/,HTTP/1.1,200
node-superagent/2.3.0,2018-01-30T20:45:34.488Z,GET,/,HTTP/1.1,200
node-superagent/2.3.0,2018-01-30T20:45:34.490Z,GET,/,HTTP/1.1,200
node-superagent/2.3.0,2018-01-30T20:45:34.493Z,GET,/,HTTP/1.1,200
node-superagent/2.3.0,2018-01-30T20:45:34.495Z,GET,/,HTTP/1.1,200
node-superagent/2.3.0,2018-01-30T20:45:34.497Z,GET,/,HTTP/1.1,200
node-superagent/2.3.0,2018-01-30T20:45:34.500Z,GET,/logs,HTTP/1.1,200
node-superagent/2.3.0,2018-01-30T20:45:34.506Z,GET,/logs,HTTP/1.1,200
Agent,Time,Method,Resource,Version,Status
node-superagent/2.3.0,2018-01-30T20:50:34.569Z,GET,/,HTTP/1.1,200
node-superagent/2.3.0,2018-01-30T20:50:34.582Z,GET,/,HTTP/1.1,200
node-superagent/2.3.0,2018-01-30T20:50:34.588Z,GET,/,HTTP/1.1,200
node-superagent/2.3.0,2018-01-30T20:50:34.593Z,GET,/,HTTP/1.1,200
node-superagent/2.3.0,2018-01-30T20:50:34.596Z,GET,/,HTTP/1.1,200
node-superagent/2.3.0,2018-01-30T20:50:34.598Z,GET,/,HTTP/1.1,200
node-superagent/2.3.0,2018-01-30T20:50:34.601Z,GET,/,HTTP/1.1,200
node-superagent/2.3.0,2018-01-30T20:50:34.604Z,GET,/,HTTP/1.1,200
node-superagent/2.3.0,2018-01-30T20:50:34.607Z,GET,/logs,HTTP/1.1,200
node-superagent/2.3.0,2018-01-30T20:50:34.613Z,GET,/logs,HTTP/1.1,200
Agent,Time,Method,Resource,Version,Status
node-superagent/2.3.0,2018-01-30T20:50:57.734Z,GET,/,HTTP/1.1,200
node-superagent/2.3.0,2018-01-30T20:50:57.749Z,GET,/,HTTP/1.1,200
node-superagent/2.3.0,2018-01-30T20:50:57.755Z,GET,/,HTTP/1.1,200
node-superagent/2.3.0,2018-01-30T20:50:57.761Z,GET,/,HTTP/1.1,200
node-superagent/2.3.0,2018-01-30T20:50:57.763Z,GET,/,HTTP/1.1,200
node-superagent/2.3.0,2018-01-30T20:50:57.766Z,GET,/,HTTP/1.1,200
node-superagent/2.3.0,2018-01-30T20:50:57.768Z,GET,/,HTTP/1.1,200
node-superagent/2.3.0,2018-01-30T20:50:57.771Z,GET,/,HTTP/1.1,200
node-superagent/2.3.0,2018-01-30T20:50:57.774Z,GET,/logs,HTTP/1.1,200
node-superagent/2.3.0,2018-01-30T20:50:57.781Z,GET,/logs,HTTP/1.1,200
Agent,Time,Method,Resource,Version,Status
node-superagent/2.3.0,2018-01-30T20:59:18.758Z,GET,/,HTTP/1.1,200
node-superagent/2.3.0,2018-01-30T20:59:18.773Z,GET,/,HTTP/1.1,200
node-superagent/2.3.0,2018-01-30T20:59:18.777Z,GET,/,HTTP/1.1,200
node-superagent/2.3.0,2018-01-30T20:59:18.782Z,GET,/,HTTP/1.1,200
node-superagent/2.3.0,2018-01-30T20:59:18.785Z,GET,/,HTTP/1.1,200
node-superagent/2.3.0,2018-01-30T20:59:18.787Z,GET,/,HTTP/1.1,200
node-superagent/2.3.0,2018-01-30T20:59:18.789Z,GET,/,HTTP/1.1,200
node-superagent/2.3.0,2018-01-30T20:59:18.791Z,GET,/,HTTP/1.1,200
node-superagent/2.3.0,2018-01-30T20:59:18.793Z,GET,/logs,HTTP/1.1,200
node-superagent/2.3.0,2018-01-30T20:59:18.801Z,GET,/logs,HTTP/1.1,200
Agent,Time,Method,Resource,Version,Status
node-superagent/2.3.0,2018-01-30T20:59:25.624Z,GET,/,HTTP/1.1,200
node-superagent/2.3.0,2018-01-30T20:59:25.637Z,GET,/,HTTP/1.1,200
node-superagent/2.3.0,2018-01-30T20:59:25.642Z,GET,/,HTTP/1.1,200
node-superagent/2.3.0,2018-01-30T20:59:25.647Z,GET,/,HTTP/1.1,200
node-superagent/2.3.0,2018-01-30T20:59:25.649Z,GET,/,HTTP/1.1,200
node-superagent/2.3.0,2018-01-30T20:59:25.651Z,GET,/,HTTP/1.1,200
node-superagent/2.3.0,2018-01-30T20:59:25.653Z,GET,/,HTTP/1.1,200
node-superagent/2.3.0,2018-01-30T20:59:25.655Z,GET,/,HTTP/1.1,200
node-superagent/2.3.0,2018-01-30T20:59:25.658Z,GET,/logs,HTTP/1.1,200
node-superagent/2.3.0,2018-01-30T20:59:25.665Z,GET,/logs,HTTP/1.1,200
Agent,Time,Method,Resource,Version,Status
Agent,Time,Method,Resource,Version,Status
node-superagent/2.3.0,2018-01-30T21:01:40.262Z,GET,/,HTTP/1.1,200
node-superagent/2.3.0,2018-01-30T21:01:40.278Z,GET,/,HTTP/1.1,200
node-superagent/2.3.0,2018-01-30T21:01:40.281Z,GET,/,HTTP/1.1,200
node-superagent/2.3.0,2018-01-30T21:01:40.286Z,GET,/,HTTP/1.1,200
node-superagent/2.3.0,2018-01-30T21:01:40.288Z,GET,/,HTTP/1.1,200
node-superagent/2.3.0,2018-01-30T21:01:40.290Z,GET,/,HTTP/1.1,200
node-superagent/2.3.0,2018-01-30T21:01:40.292Z,GET,/,HTTP/1.1,200
node-superagent/2.3.0,2018-01-30T21:01:40.295Z,GET,/,HTTP/1.1,200
node-superagent/2.3.0,2018-01-30T21:01:40.297Z,GET,/logs,HTTP/1.1,200
node-superagent/2.3.0,2018-01-30T21:01:40.305Z,GET,/logs,HTTP/1.1,200
Agent,Time,Method,Resource,Version,Status
node-superagent/2.3.0,2018-01-30T21:06:10.980Z,GET,/,HTTP/1.1,200
node-superagent/2.3.0,2018-01-30T21:06:10.994Z,GET,/,HTTP/1.1,200
node-superagent/2.3.0,2018-01-30T21:06:10.998Z,GET,/,HTTP/1.1,200
node-superagent/2.3.0,2018-01-30T21:06:11.003Z,GET,/,HTTP/1.1,200
node-superagent/2.3.0,2018-01-30T21:06:11.005Z,GET,/,HTTP/1.1,200
node-superagent/2.3.0,2018-01-30T21:06:11.007Z,GET,/,HTTP/1.1,200
node-superagent/2.3.0,2018-01-30T21:06:11.009Z,GET,/,HTTP/1.1,200
node-superagent/2.3.0,2018-01-30T21:06:11.011Z,GET,/,HTTP/1.1,200
node-superagent/2.3.0,2018-01-30T21:06:11.013Z,GET,/logs,HTTP/1.1,200
node-superagent/2.3.0,2018-01-30T21:06:11.022Z,GET,/logs,HTTP/1.1,200
Agent,Time,Method,Resource,Version,Status
node-superagent/2.3.0,2018-01-30T21:06:40.393Z,GET,/,HTTP/1.1,200
node-superagent/2.3.0,2018-01-30T21:06:40.409Z,GET,/,HTTP/1.1,200
node-superagent/2.3.0,2018-01-30T21:06:40.412Z,GET,/,HTTP/1.1,200
node-superagent/2.3.0,2018-01-30T21:06:40.414Z,GET,/,HTTP/1.1,200
node-superagent/2.3.0,2018-01-30T21:06:40.416Z,GET,/,HTTP/1.1,200
node-superagent/2.3.0,2018-01-30T21:06:40.418Z,GET,/,HTTP/1.1,200
node-superagent/2.3.0,2018-01-30T21:06:40.420Z,GET,/,HTTP/1.1,200
node-superagent/2.3.0,2018-01-30T21:06:40.423Z,GET,/,HTTP/1.1,200
node-superagent/2.3.0,2018-01-30T21:06:40.425Z,GET,/logs,HTTP/1.1,200
node-superagent/2.3.0,2018-01-30T21:06:40.435Z,GET,/logs,HTTP/1.1,200
Agent,Time,Method,Resource,Version,Status
node-superagent/2.3.0,2018-01-30T21:06:58.814Z,GET,/,HTTP/1.1,200
node-superagent/2.3.0,2018-01-30T21:06:58.830Z,GET,/,HTTP/1.1,200
node-superagent/2.3.0,2018-01-30T21:06:58.834Z,GET,/,HTTP/1.1,200
node-superagent/2.3.0,2018-01-30T21:06:58.838Z,GET,/,HTTP/1.1,200
node-superagent/2.3.0,2018-01-30T21:06:58.841Z,GET,/,HTTP/1.1,200
node-superagent/2.3.0,2018-01-30T21:06:58.843Z,GET,/,HTTP/1.1,200
node-superagent/2.3.0,2018-01-30T21:06:58.845Z,GET,/,HTTP/1.1,200
node-superagent/2.3.0,2018-01-30T21:06:58.848Z,GET,/,HTTP/1.1,200
node-superagent/2.3.0,2018-01-30T21:06:58.850Z,GET,/logs,HTTP/1.1,200
node-superagent/2.3.0,2018-01-30T21:06:58.859Z,GET,/logs,HTTP/1.1,200
Agent,Time,Method,Resource,Version,Status
node-superagent/2.3.0,2018-01-30T21:07:22.827Z,GET,/,HTTP/1.1,200
node-superagent/2.3.0,2018-01-30T21:07:22.841Z,GET,/,HTTP/1.1,200
node-superagent/2.3.0,2018-01-30T21:07:22.846Z,GET,/,HTTP/1.1,200
node-superagent/2.3.0,2018-01-30T21:07:22.852Z,GET,/,HTTP/1.1,200
node-superagent/2.3.0,2018-01-30T21:07:22.854Z,GET,/,HTTP/1.1,200
node-superagent/2.3.0,2018-01-30T21:07:22.857Z,GET,/,HTTP/1.1,200
node-superagent/2.3.0,2018-01-30T21:07:22.859Z,GET,/,HTTP/1.1,200
node-superagent/2.3.0,2018-01-30T21:07:22.863Z,GET,/,HTTP/1.1,200
node-superagent/2.3.0,2018-01-30T21:07:22.865Z,GET,/logs,HTTP/1.1,200
node-superagent/2.3.0,2018-01-30T21:07:22.873Z,GET,/logs,HTTP/1.1,200
Agent,Time,Method,Resource,Version,Status
Agent,Time,Method,Resource,Version,Status
node-superagent/2.3.0,2018-01-31T19:40:20.159Z,GET,/,HTTP/1.1,200
node-superagent/2.3.0,2018-01-31T19:40:20.170Z,GET,/,HTTP/1.1,200
node-superagent/2.3.0,2018-01-31T19:40:20.174Z,GET,/,HTTP/1.1,200
node-superagent/2.3.0,2018-01-31T19:40:20.179Z,GET,/,HTTP/1.1,200
node-superagent/2.3.0,2018-01-31T19:40:20.181Z,GET,/,HTTP/1.1,200
node-superagent/2.3.0,2018-01-31T19:40:20.183Z,GET,/,HTTP/1.1,200
node-superagent/2.3.0,2018-01-31T19:40:20.185Z,GET,/,HTTP/1.1,200
node-superagent/2.3.0,2018-01-31T19:40:20.187Z,GET,/,HTTP/1.1,200
node-superagent/2.3.0,2018-01-31T19:40:20.190Z,GET,/logs,HTTP/1.1,200
node-superagent/2.3.0,2018-01-31T19:40:20.197Z,GET,/logs,HTTP/1.1,200
Agent,Time,Method,Resource,Version,Status
node-superagent/2.3.0,2018-01-31T22:10:47.923Z,GET,/,HTTP/1.1,200
node-superagent/2.3.0,2018-01-31T22:10:47.936Z,GET,/,HTTP/1.1,200
node-superagent/2.3.0,2018-01-31T22:10:47.940Z,GET,/,HTTP/1.1,200
node-superagent/2.3.0,2018-01-31T22:10:47.946Z,GET,/,HTTP/1.1,200
node-superagent/2.3.0,2018-01-31T22:10:47.948Z,GET,/,HTTP/1.1,200
node-superagent/2.3.0,2018-01-31T22:10:47.950Z,GET,/,HTTP/1.1,200
node-superagent/2.3.0,2018-01-31T22:10:47.953Z,GET,/,HTTP/1.1,200
node-superagent/2.3.0,2018-01-31T22:10:47.956Z,GET,/,HTTP/1.1,200
node-superagent/2.3.0,2018-01-31T22:10:47.958Z,GET,/logs,HTTP/1.1,200
node-superagent/2.3.0,2018-01-31T22:10:47.965Z,GET,/logs,HTTP/1.1,200
